"","Month","Wood Energy Production","Biofuels Production","Total Biomass Energy Production","Total Renewable Energy Production","Hydroelectric Power Consumption","Geothermal Energy Consumption","Solar Energy Consumption","Wind Energy Consumption","Wood Energy Consumption","Waste Energy Consumption","Biofuels Consumption","Total Biomass Energy Consumption","Total Renewable Energy Consumption"
"1",1973-01-01,129.63,"Not Available",129.787,219.839,89.562,0.49,"Not Available","Not Available",129.63,0.157,"Not Available",129.787,219.839
"2",1973-02-01,117.194,"Not Available",117.338,197.33,79.544,0.448,"Not Available","Not Available",117.194,0.144,"Not Available",117.338,197.33
"3",1973-03-01,129.763,"Not Available",129.938,218.686,88.284,0.464,"Not Available","Not Available",129.763,0.176,"Not Available",129.938,218.686
"4",1973-04-01,125.462,"Not Available",125.636,209.33,83.152,0.542,"Not Available","Not Available",125.462,0.174,"Not Available",125.636,209.33
"5",1973-05-01,129.624,"Not Available",129.834,215.982,85.643,0.505,"Not Available","Not Available",129.624,0.21,"Not Available",129.834,215.982
"6",1973-06-01,125.435,"Not Available",125.611,208.249,82.06,0.579,"Not Available","Not Available",125.435,0.176,"Not Available",125.611,208.249
"7",1973-07-01,129.616,"Not Available",129.787,207.8,77.4,0.614,"Not Available","Not Available",129.616,0.17,"Not Available",129.787,207.8
"8",1973-08-01,129.734,"Not Available",129.918,203.432,72.936,0.579,"Not Available","Not Available",129.734,0.184,"Not Available",129.918,203.432
"9",1973-09-01,125.603,"Not Available",125.782,185.3,59.029,0.49,"Not Available","Not Available",125.603,0.178,"Not Available",125.782,185.3
"10",1973-10-01,129.769,"Not Available",129.97,193.514,62.967,0.578,"Not Available","Not Available",129.769,0.2,"Not Available",129.97,193.514
"11",1973-11-01,125.492,"Not Available",125.643,195.326,69.063,0.62,"Not Available","Not Available",125.492,0.151,"Not Available",125.643,195.326
"12",1973-12-01,129.69,"Not Available",129.824,220.755,90.131,0.8,"Not Available","Not Available",129.69,0.135,"Not Available",129.824,220.755
"13",1974-01-01,130.655,"Not Available",130.807,231.01,99.5,0.704,"Not Available","Not Available",130.655,0.152,"Not Available",130.807,231.01
"14",1974-02-01,117.949,"Not Available",118.091,210.188,91.476,0.621,"Not Available","Not Available",117.949,0.142,"Not Available",118.091,210.188
"15",1974-03-01,130.579,"Not Available",130.727,226.384,94.95,0.707,"Not Available","Not Available",130.579,0.148,"Not Available",130.727,226.384
"16",1974-04-01,126.441,"Not Available",126.583,223.218,95.969,0.666,"Not Available","Not Available",126.441,0.142,"Not Available",126.583,223.218
"17",1974-05-01,130.659,"Not Available",130.789,227.793,96.337,0.667,"Not Available","Not Available",130.659,0.129,"Not Available",130.789,227.793
"18",1974-06-01,126.432,"Not Available",126.611,218.976,91.719,0.645,"Not Available","Not Available",126.432,0.179,"Not Available",126.611,218.976
"19",1974-07-01,130.548,"Not Available",130.756,221.909,90.437,0.716,"Not Available","Not Available",130.548,0.208,"Not Available",130.756,221.909
"20",1974-08-01,130.574,"Not Available",130.763,214.197,82.727,0.707,"Not Available","Not Available",130.574,0.189,"Not Available",130.763,214.197
"21",1974-09-01,126.454,"Not Available",126.637,200.9,73.61,0.653,"Not Available","Not Available",126.454,0.183,"Not Available",126.637,200.9
"22",1974-10-01,130.562,"Not Available",130.718,200.312,68.931,0.663,"Not Available","Not Available",130.562,0.156,"Not Available",130.718,200.312
"23",1974-11-01,126.352,"Not Available",126.506,200.068,72.773,0.789,"Not Available","Not Available",126.352,0.155,"Not Available",126.506,200.068
"24",1974-12-01,130.555,"Not Available",130.674,211.046,79.542,0.83,"Not Available","Not Available",130.555,0.119,"Not Available",130.674,211.046
"25",1975-01-01,127.128,"Not Available",127.269,214.319,86.356,0.694,"Not Available","Not Available",127.128,0.14,"Not Available",127.269,214.319
"26",1975-02-01,114.829,"Not Available",114.942,198.008,82.404,0.662,"Not Available","Not Available",114.829,0.113,"Not Available",114.942,198.008
"27",1975-03-01,127.127,"Not Available",127.251,224.384,96.386,0.747,"Not Available","Not Available",127.127,0.124,"Not Available",127.251,224.384
"28",1975-04-01,123.022,"Not Available",123.139,215.679,91.791,0.748,"Not Available","Not Available",123.022,0.117,"Not Available",123.139,215.679
"29",1975-05-01,127.13,"Not Available",127.303,223.695,95.581,0.812,"Not Available","Not Available",127.13,0.173,"Not Available",127.303,223.695
"30",1975-06-01,123.048,"Not Available",123.241,217.798,93.55,1.007,"Not Available","Not Available",123.048,0.193,"Not Available",123.241,217.798
"31",1975-07-01,127.125,"Not Available",127.288,216.202,87.9,1.013,"Not Available","Not Available",127.125,0.163,"Not Available",127.288,216.202
"32",1975-08-01,127.136,"Not Available",127.321,206.312,77.892,1.099,"Not Available","Not Available",127.136,0.185,"Not Available",127.321,206.312
"33",1975-09-01,123.052,"Not Available",123.21,194.934,70.756,0.969,"Not Available","Not Available",123.052,0.158,"Not Available",123.21,194.934
"34",1975-10-01,127.151,"Not Available",127.312,206.489,78.06,1.117,"Not Available","Not Available",127.151,0.161,"Not Available",127.312,206.489
"35",1975-11-01,123.039,"Not Available",123.18,208.436,84.171,1.085,"Not Available","Not Available",123.039,0.141,"Not Available",123.18,208.436
"36",1975-12-01,127.138,"Not Available",127.277,217.911,89.51,1.124,"Not Available","Not Available",127.138,0.138,"Not Available",127.277,217.911
"37",1976-01-01,144.91,"Not Available",145.049,236.073,89.904,1.119,"Not Available","Not Available",144.91,0.14,"Not Available",145.049,236.073
"38",1976-02-01,135.559,"Not Available",135.695,221.374,84.626,1.053,"Not Available","Not Available",135.559,0.136,"Not Available",135.695,221.374
"39",1976-03-01,144.914,"Not Available",145.051,237.807,91.629,1.127,"Not Available","Not Available",144.914,0.137,"Not Available",145.051,237.807
"40",1976-04-01,140.237,"Not Available",140.363,224.756,83.378,1.015,"Not Available","Not Available",140.237,0.126,"Not Available",140.363,224.756
"41",1976-05-01,144.913,"Not Available",145.047,234.082,88.065,0.97,"Not Available","Not Available",144.913,0.134,"Not Available",145.047,234.082
"42",1976-06-01,140.244,"Not Available",140.405,229.595,88.182,1.008,"Not Available","Not Available",140.244,0.161,"Not Available",140.405,229.595
"43",1976-07-01,144.898,"Not Available",145.088,235.984,89.807,1.089,"Not Available","Not Available",144.898,0.19,"Not Available",145.088,235.984
"44",1976-08-01,144.918,"Not Available",145.11,228.336,82.153,1.072,"Not Available","Not Available",144.918,0.192,"Not Available",145.11,228.336
"45",1976-09-01,140.271,"Not Available",140.436,211.665,70.186,1.044,"Not Available","Not Available",140.271,0.165,"Not Available",140.436,211.665
"46",1976-10-01,144.94,"Not Available",145.114,218.818,72.69,1.014,"Not Available","Not Available",144.94,0.174,"Not Available",145.114,218.818
"47",1976-11-01,140.481,"Not Available",140.651,209.968,68.463,0.854,"Not Available","Not Available",140.481,0.171,"Not Available",140.651,209.968
"48",1976-12-01,145.201,"Not Available",145.364,216.239,69.9,0.975,"Not Available","Not Available",145.201,0.163,"Not Available",145.364,216.239
"49",1977-01-01,156.074,"Not Available",156.22,228.907,71.63,1.057,"Not Available","Not Available",156.074,0.146,"Not Available",156.22,228.907
"50",1977-02-01,141.046,"Not Available",141.176,194.523,52.424,0.923,"Not Available","Not Available",141.046,0.13,"Not Available",141.176,194.523
"51",1977-03-01,156.072,"Not Available",156.217,225.781,68.518,1.046,"Not Available","Not Available",156.072,0.146,"Not Available",156.217,225.781
"52",1977-04-01,151.013,"Not Available",151.161,216.602,64.508,0.933,"Not Available","Not Available",151.013,0.148,"Not Available",151.161,216.602
"53",1977-05-01,156.032,"Not Available",156.186,221.823,64.629,1.007,"Not Available","Not Available",156.032,0.155,"Not Available",156.186,221.823
"54",1977-06-01,150.997,"Not Available",151.153,211.752,59.609,0.991,"Not Available","Not Available",150.997,0.156,"Not Available",151.153,211.752
"55",1977-07-01,155.742,"Not Available",155.92,215.097,58.13,1.048,"Not Available","Not Available",155.742,0.178,"Not Available",155.92,215.097
"56",1977-08-01,155.909,"Not Available",156.081,214.871,57.83,0.96,"Not Available","Not Available",155.909,0.172,"Not Available",156.081,214.871
"57",1977-09-01,150.938,"Not Available",151.11,208.974,56.835,1.028,"Not Available","Not Available",150.938,0.172,"Not Available",151.11,208.974
"58",1977-10-01,155.998,"Not Available",156.172,216.727,59.48,1.075,"Not Available","Not Available",155.998,0.174,"Not Available",156.172,216.727
"59",1977-11-01,150.888,"Not Available",151,222.663,70.583,1.08,"Not Available","Not Available",150.888,0.112,"Not Available",151,222.663
"60",1977-12-01,155.816,"Not Available",155.935,235.754,78.744,1.075,"Not Available","Not Available",155.816,0.119,"Not Available",155.935,235.754
"61",1978-01-01,173.005,"Not Available",173.128,260.677,86.454,1.095,"Not Available","Not Available",173.005,0.123,"Not Available",173.128,260.677
"62",1978-02-01,156.277,"Not Available",156.387,233.933,76.606,0.94,"Not Available","Not Available",156.277,0.11,"Not Available",156.387,233.933
"63",1978-03-01,173.026,"Not Available",173.136,258.863,84.951,0.777,"Not Available","Not Available",173.026,0.11,"Not Available",173.136,258.863
"64",1978-04-01,167.244,"Not Available",167.349,255.285,87.281,0.655,"Not Available","Not Available",167.244,0.105,"Not Available",167.349,255.285
"65",1978-05-01,172.806,"Not Available",172.923,272.691,99.185,0.583,"Not Available","Not Available",172.806,0.117,"Not Available",172.923,272.691
"66",1978-06-01,167.239,"Not Available",167.34,254.703,86.645,0.718,"Not Available","Not Available",167.239,0.101,"Not Available",167.34,254.703
"67",1978-07-01,172.825,"Not Available",172.912,258.056,84.339,0.804,"Not Available","Not Available",172.825,0.087,"Not Available",172.912,258.056
"68",1978-08-01,173.009,"Not Available",173.189,250.652,76.518,0.945,"Not Available","Not Available",173.009,0.18,"Not Available",173.189,250.652
"69",1978-09-01,167.32,"Not Available",167.455,241.494,73.042,0.998,"Not Available","Not Available",167.32,0.134,"Not Available",167.455,241.494
"70",1978-10-01,173.027,"Not Available",173.169,241.095,67.184,0.742,"Not Available","Not Available",173.027,0.142,"Not Available",173.169,241.095
"71",1978-11-01,167.438,"Not Available",167.557,237.214,68.818,0.839,"Not Available","Not Available",167.438,0.12,"Not Available",167.557,237.214
"72",1978-12-01,172.935,"Not Available",173.06,250.285,76.162,1.063,"Not Available","Not Available",172.935,0.126,"Not Available",173.06,250.285
"73",1979-01-01,182.453,"Not Available",182.6,270,86.378,1.021,"Not Available","Not Available",182.453,0.147,"Not Available",182.6,270
"74",1979-02-01,164.927,"Not Available",165.096,239.377,73.446,0.836,"Not Available","Not Available",164.927,0.169,"Not Available",165.096,239.377
"75",1979-03-01,182.64,"Not Available",182.881,273.485,89.483,1.121,"Not Available","Not Available",182.64,0.241,"Not Available",182.881,273.485
"76",1979-04-01,176.707,"Not Available",176.844,265.526,87.645,1.037,"Not Available","Not Available",176.707,0.138,"Not Available",176.844,265.526
"77",1979-05-01,182.561,"Not Available",182.782,283.727,99.903,1.043,"Not Available","Not Available",182.561,0.221,"Not Available",182.782,283.727
"78",1979-06-01,176.662,"Not Available",176.833,264.118,86.23,1.056,"Not Available","Not Available",176.662,0.17,"Not Available",176.833,264.118
"79",1979-07-01,182.536,"Not Available",182.7,262.394,78.573,1.12,"Not Available","Not Available",182.536,0.165,"Not Available",182.7,262.394
"80",1979-08-01,182.638,"Not Available",182.808,257.423,73.393,1.222,"Not Available","Not Available",182.638,0.17,"Not Available",182.808,257.423
"81",1979-09-01,176.766,"Not Available",176.891,243.468,65.516,1.06,"Not Available","Not Available",176.766,0.125,"Not Available",176.891,243.468
"82",1979-10-01,182.63,"Not Available",182.752,253.559,69.619,1.189,"Not Available","Not Available",182.63,0.121,"Not Available",182.752,253.559
"83",1979-11-01,176.767,"Not Available",176.949,255.317,77.213,1.155,"Not Available","Not Available",176.767,0.182,"Not Available",176.949,255.317
"84",1979-12-01,182.568,"Not Available",182.77,262.637,78.457,1.409,"Not Available","Not Available",182.568,0.202,"Not Available",182.77,262.637
"85",1980-01-01,209.613,"Not Available",209.829,298.221,87.244,1.148,"Not Available","Not Available",209.613,0.216,"Not Available",209.829,298.221
"86",1980-02-01,196.117,"Not Available",196.31,271.194,73.781,1.103,"Not Available","Not Available",196.117,0.193,"Not Available",196.31,271.194
"87",1980-03-01,209.598,"Not Available",209.727,294.931,83.978,1.225,"Not Available","Not Available",209.598,0.129,"Not Available",209.727,294.931
"88",1980-04-01,202.768,"Not Available",202.894,293.043,88.865,1.284,"Not Available","Not Available",202.768,0.127,"Not Available",202.894,293.043
"89",1980-05-01,209.394,"Not Available",209.548,310.682,99.622,1.512,"Not Available","Not Available",209.394,0.154,"Not Available",209.548,310.682
"90",1980-06-01,202.609,"Not Available",202.723,299.633,95.451,1.459,"Not Available","Not Available",202.609,0.114,"Not Available",202.723,299.633
"91",1980-07-01,209.449,"Not Available",209.554,295.537,84.448,1.534,"Not Available","Not Available",209.449,0.106,"Not Available",209.554,295.537
"92",1980-08-01,209.544,"Not Available",209.675,281.831,70.517,1.639,"Not Available","Not Available",209.544,0.131,"Not Available",209.675,281.831
"93",1980-09-01,202.79,"Not Available",202.905,268.204,63.819,1.48,"Not Available","Not Available",202.79,0.115,"Not Available",202.905,268.204
"94",1980-10-01,209.602,"Not Available",209.717,273.058,61.661,1.681,"Not Available","Not Available",209.602,0.115,"Not Available",209.717,273.058
"95",1980-11-01,202.831,"Not Available",202.945,270.913,66.325,1.643,"Not Available","Not Available",202.831,0.114,"Not Available",202.945,270.913
"96",1980-12-01,209.546,"Not Available",209.671,288.131,76.858,1.602,"Not Available","Not Available",209.546,0.125,"Not Available",209.671,288.131
"97",1981-01-01,211.988,"1.08",220.544,299.483,77.214,1.725,"Not Available","Not Available",211.988,7.476,"1.08",220.544,299.483
"98",1981-02-01,191.528,"0.976",199.248,273.604,72.83,1.525,"Not Available","Not Available",191.528,6.744,"0.976",199.248,273.604
"99",1981-03-01,212.042,"1.08",220.595,293.454,71.15,1.71,"Not Available","Not Available",212.042,7.472,"1.08",220.595,293.454
"100",1981-04-01,205.195,"1.045",213.467,286.764,71.718,1.579,"Not Available","Not Available",205.195,7.226,"1.045",213.467,286.764
"101",1981-05-01,211.883,"1.08",220.433,305.297,83.301,1.564,"Not Available","Not Available",211.883,7.469,"1.08",220.433,305.297
"102",1981-06-01,204.976,"1.045",213.237,305.86,91.061,1.561,"Not Available","Not Available",204.976,7.216,"1.045",213.237,305.86
"103",1981-07-01,211.838,"1.08",220.392,308.821,86.714,1.716,"Not Available","Not Available",211.838,7.473,"1.08",220.392,308.821
"104",1981-08-01,211.846,"1.08",220.428,296.678,74.556,1.695,"Not Available","Not Available",211.846,7.501,"1.08",220.428,296.678
"105",1981-09-01,205.148,"1.045",213.48,276.72,61.534,1.705,"Not Available","Not Available",205.148,7.287,"1.045",213.48,276.72
"106",1981-10-01,212.004,"1.08",220.581,284.684,62.42,1.682,"Not Available","Not Available",212.004,7.497,"1.08",220.581,284.684
"107",1981-11-01,205.166,"1.045",213.437,280.364,65.459,1.468,"Not Available","Not Available",205.166,7.226,"1.045",213.437,280.364
"108",1981-12-01,211.948,"1.08",220.44,304.193,82.279,1.473,"Not Available","Not Available",211.948,7.412,"1.08",220.44,304.193
"109",1982-01-01,213.205,"2.922",226.251,320.311,92.763,1.297,"Not Available","Not Available",213.205,10.124,"2.922",226.251,320.311
"110",1982-02-01,192.598,"2.639",204.375,297.475,91.907,1.193,"Not Available","Not Available",192.598,9.137,"2.639",204.375,297.475
"111",1982-03-01,213.132,"2.922",226.157,330.131,102.924,1.051,"Not Available","Not Available",213.132,10.103,"2.922",226.157,330.131
"112",1982-04-01,206.24,"2.828",218.821,316.183,96.303,1.06,"Not Available","Not Available",206.24,9.753,"2.828",218.821,316.183
"113",1982-05-01,213.101,"2.922",226.135,323.939,96.572,1.231,"Not Available","Not Available",213.101,10.112,"2.922",226.135,323.939
"114",1982-06-01,206.255,"2.828",218.866,316.816,96.463,1.487,"Not Available","Not Available",206.255,9.784,"2.828",218.866,316.816
"115",1982-07-01,213.146,"2.922",226.202,321.854,94.087,1.564,"Not Available","Not Available",213.146,10.135,"2.922",226.202,321.854
"116",1982-08-01,213.158,"2.922",226.168,310.059,82.333,1.559,"Not Available","Not Available",213.158,10.087,"2.922",226.168,310.059
"117",1982-09-01,206.364,"2.828",218.947,289.054,68.612,1.495,"Not Available","Not Available",206.364,9.755,"2.828",218.947,289.054
"118",1982-10-01,213.332,"2.922",226.373,296.056,68.091,1.592,"Not Available","Not Available",213.332,10.119,"2.922",226.373,296.056
"119",1982-11-01,206.347,"2.828",218.948,300.864,80.245,1.672,"Not Available","Not Available",206.347,9.772,"2.828",218.948,300.864
"120",1982-12-01,213.17,"2.922",226.21,323.054,95.522,1.323,"Not Available","Not Available",213.17,10.118,"2.922",226.21,323.054
"121",1983-01-01,227.926,"5.363",246.575,348.969,100.743,1.65,"Not Available","0.001",227.926,13.286,"5.363",246.575,348.969
"122",1983-02-01,205.87,"4.844",222.738,320.213,96.206,1.269,"Not Available","0",205.87,12.023,"4.844",222.738,320.213
"123",1983-03-01,227.938,"5.363",246.61,352.422,104.348,1.463,"Not Available","0.001",227.938,13.309,"5.363",246.61,352.422
"124",1983-04-01,220.561,"5.19",238.625,343.331,103.334,1.371,"Not Available","0.001",220.561,12.875,"5.19",238.625,343.331
"125",1983-05-01,227.897,"5.363",246.647,355.33,107.568,1.114,"Not Available","0.001",227.897,13.387,"5.363",246.647,355.33
"126",1983-06-01,220.582,"5.19",238.736,346.012,105.81,1.465,"Not Available","0.001",220.582,12.964,"5.19",238.736,346.012
"127",1983-07-01,227.933,"5.363",246.651,345.359,96.883,1.825,"Not Available","0",227.933,13.354,"5.363",246.651,345.359
"128",1983-08-01,227.978,"5.363",246.695,338.025,88.929,2.401,"Not Available","0",227.978,13.354,"5.363",246.695,338.025
"129",1983-09-01,220.641,"5.19",238.755,315.758,74.808,2.194,"Not Available","0.001",220.641,12.924,"5.19",238.755,315.758
"130",1983-10-01,228.031,"5.363",246.732,320.524,71.491,2.3,"Not Available","0.002",228.031,13.338,"5.363",246.732,320.524
"131",1983-11-01,220.719,"5.19",238.78,325.785,84.956,2.047,"Not Available","0.001",220.719,12.872,"5.19",238.78,325.785
"132",1983-12-01,228.194,"5.363",246.871,357.437,108.936,1.63,"Not Available","0",228.194,13.314,"5.363",246.871,357.437
"133",1984-01-01,227.551,"6.547",251.483,355.607,102.459,1.665,"0","0",227.551,17.385,"6.547",251.483,355.607
"134",1984-02-01,212.673,"6.125",235.169,333.238,96.034,2.034,"0","0.001",212.673,16.371,"6.125",235.169,333.238
"135",1984-03-01,227.378,"6.547",251.529,358.566,104.801,2.235,"0.001","0.001",227.378,17.603,"6.547",251.529,358.566
"136",1984-04-01,219.904,"6.336",243.277,348.756,103.27,2.205,"0.001","0.002",219.904,17.037,"6.336",243.277,348.756
"137",1984-05-01,227.242,"6.547",251.408,363.212,109.683,2.115,"0.002","0.003",227.242,17.619,"6.547",251.408,363.212
"138",1984-06-01,219.914,"6.336",243.303,344.623,99.261,2.053,"0.003","0.002",219.914,17.053,"6.336",243.303,344.623
"139",1984-07-01,227.458,"6.547",251.632,348.366,94.772,1.96,"0.001","0.002",227.458,17.627,"6.547",251.632,348.366
"140",1984-08-01,227.481,"6.547",251.638,340.669,86.573,2.454,"0.003","0.001",227.481,17.61,"6.547",251.638,340.669
"141",1984-09-01,220.21,"6.336",243.596,317.887,72.076,2.21,"0.003","0.002",220.21,17.049,"6.336",243.596,317.887
"142",1984-10-01,227.64,"6.547",251.974,326.373,71.968,2.426,"0.002","0.003",227.64,17.786,"6.547",251.974,326.373
"143",1984-11-01,220.555,"6.336",244.068,323.172,76.704,2.396,"0.001","0.003",220.555,17.177,"6.336",244.068,323.172
"144",1984-12-01,227.811,"6.547",252.042,343.652,88.949,2.656,"0","0.004",227.811,17.684,"6.547",252.042,343.652
"145",1985-01-01,228.394,"7.911",256.315,353.933,94.973,2.641,"0.002","0.002",228.394,20.009,"7.911",256.315,353.933
"146",1985-02-01,206.294,"7.146",231.512,323.067,89.219,2.332,"0","0.004",206.294,18.072,"7.146",231.512,323.067
"147",1985-03-01,228.374,"7.911",256.336,344.083,85.029,2.715,"0","0.002",228.374,20.05,"7.911",256.336,344.083
"148",1985-04-01,220.463,"7.656",247.599,334.259,84.276,2.378,"0.004","0.002",220.463,19.48,"7.656",247.599,334.259
"149",1985-05-01,227.858,"7.911",255.881,349.644,91.284,2.473,"0.005","0.001",227.858,20.111,"7.911",255.881,349.644
"150",1985-06-01,220.471,"7.656",247.643,332.457,82.425,2.382,"0.005","0.001",220.471,19.517,"7.656",247.643,332.457
"151",1985-07-01,228.091,"7.911",256.159,332.393,73.612,2.619,"0.004","0",228.091,20.156,"7.911",256.159,332.393
"152",1985-08-01,228.276,"7.911",256.301,328.026,68.98,2.737,"0.007","0.001",228.276,20.113,"7.911",256.301,328.026
"153",1985-09-01,221.006,"7.656",247.997,315.367,64.761,2.602,"0.005","0.003",221.006,19.334,"7.656",247.997,315.367
"154",1985-10-01,228.287,"7.911",256.175,327.776,69.105,2.491,"0.003","0.002",228.287,19.977,"7.911",256.175,327.776
"155",1985-11-01,220.962,"7.656",248.07,330.222,79.075,3.075,"0.001","0.001",220.962,19.452,"7.656",248.07,330.222
"156",1985-12-01,228.29,"7.911",256.246,346.947,87.328,3.372,"0.001","0",228.29,20.044,"7.911",256.246,346.947
"157",1986-01-01,217.84,"9.096",249.178,326.552,73.934,3.438,"0.002","0.001",217.84,22.242,"9.096",249.178,326.552
"158",1986-02-01,196.536,"8.216",224.922,307.952,80.075,2.953,"0.002","0.001",196.536,20.171,"8.216",224.922,307.952
"159",1986-03-01,217.379,"9.096",248.837,349.995,98.081,3.071,"0.003","0.002",217.379,22.362,"9.096",248.837,349.995
"160",1986-04-01,210.372,"8.803",240.788,338.487,94.922,2.769,"0.005","0.002",210.372,21.613,"8.803",240.788,338.487
"161",1986-05-01,217.424,"9.096",248.822,345.587,93.958,2.798,"0.006","0.003",217.424,22.302,"9.096",248.822,345.587
"162",1986-06-01,210.444,"8.803",240.837,334.442,90.562,3.036,"0.005","0.002",210.444,21.591,"8.803",240.837,334.442
"163",1986-07-01,217.598,"9.096",249.011,335.334,83.094,3.221,"0.006","0.002",217.598,22.317,"9.096",249.011,335.334
"164",1986-08-01,217.76,"9.096",249.176,325.501,73.104,3.214,"0.006","0.002",217.76,22.32,"9.096",249.176,325.501
"165",1986-09-01,210.699,"8.803",241.074,316.539,72.767,2.693,"0.005","0",210.699,21.572,"8.803",241.074,316.539
"166",1986-10-01,217.574,"9.096",248.974,325.125,73.498,2.647,"0.004","0.001",217.574,22.304,"9.096",248.974,325.125
"167",1986-11-01,210.647,"8.803",241.122,323.172,79.755,2.291,"0.003","0",210.647,21.673,"8.803",241.122,323.172
"168",1986-12-01,217.863,"9.096",249.352,341.787,89.397,3.038,"0.001","0",217.863,22.393,"9.096",249.352,341.787
"169",1987-01-01,209.176,"10.423",244.137,334.89,87.702,3.051,"0","0",209.176,24.537,"10.423",244.137,334.89
"170",1987-02-01,188.924,"9.415",220.511,296.606,73.264,2.829,"0.002","0",188.924,22.172,"9.415",220.511,296.606
"171",1987-03-01,209.117,"10.423",244.157,327.541,80.279,3.102,"0.003","0",209.117,24.616,"10.423",244.157,327.541
"172",1987-04-01,202.254,"10.087",236.139,315.231,76.163,2.924,"0.004","0",202.254,23.798,"10.087",236.139,315.231
"173",1987-05-01,208.99,"10.423",244.007,330.797,83.712,3.072,"0.004","0.001",208.99,24.593,"10.423",244.007,330.797
"174",1987-06-01,202.596,"10.087",236.522,311.957,72.271,3.155,"0.006","0.003",202.596,23.839,"10.087",236.522,311.957
"175",1987-07-01,209.335,"10.423",244.359,317.495,69.864,3.262,"0.006","0.004",209.335,24.601,"10.423",244.359,317.495
"176",1987-08-01,209.365,"10.423",244.396,311.395,63.744,3.25,"0.004","0.001",209.365,24.608,"10.423",244.396,311.395
"177",1987-09-01,202.52,"10.087",236.298,302.09,62.756,3.032,"0.003","0.001",202.52,23.691,"10.087",236.298,302.09
"178",1987-10-01,209.112,"10.423",244.059,309.095,61.964,3.07,"0.002","0",209.112,24.523,"10.423",244.059,309.095
"179",1987-11-01,202.462,"10.087",236.197,297.439,58.272,2.968,"0.001","0",202.462,23.648,"10.087",236.197,297.439
"180",1987-12-01,209.308,"10.423",244.104,319.908,72.753,3.049,"0.001","0.001",209.308,24.373,"10.423",244.104,319.908
"181",1988-01-01,218.368,"10.508",255.331,334.583,76.171,3.078,"0.002","0.002",218.368,26.455,"10.508",255.331,334.583
"182",1988-02-01,204.246,"9.83",238.853,307.533,66.029,2.648,"0.003","0",204.246,24.778,"9.83",238.853,307.533
"183",1988-03-01,218.351,"10.508",255.385,326.015,67.539,3.087,"0.004","0",218.351,26.526,"10.508",255.385,326.015
"184",1988-04-01,211.122,"10.169",247.241,316.232,66.195,2.794,"0.002","0",211.122,25.95,"10.169",247.241,316.232
"185",1988-05-01,217.825,"10.508",255.188,331.539,73.601,2.747,"0.004","0",217.825,26.855,"10.508",255.188,331.539
"186",1988-06-01,211.242,"10.169",247.34,315.603,65.346,2.913,"0.005","0",211.242,25.929,"10.169",247.34,315.603
"187",1988-07-01,218.272,"10.508",255.582,317.391,58.636,3.169,"0.004","0",218.272,26.802,"10.508",255.582,317.391
"188",1988-08-01,218.415,"10.508",255.815,315.766,56.923,3.024,"0.004","0",218.415,26.893,"10.508",255.815,315.766
"189",1988-09-01,211.218,"10.169",247.357,306.5,56.241,2.899,"0.003","0",211.218,25.97,"10.169",247.357,306.5
"190",1988-10-01,218.198,"10.508",255.517,310.737,52.265,2.954,"0","0",218.198,26.811,"10.508",255.517,310.737
"191",1988-11-01,211.191,"10.169",247.096,313.792,63.762,2.933,"0","0",211.191,25.737,"10.169",247.096,313.792
"192",1988-12-01,218.215,"10.508",255.345,326.992,68.748,2.898,"0","0",218.215,26.623,"10.508",255.345,326.992
"193",1989-01-01,231.17,"10.649",266.572,348.321,73.277,5.154,"2.821","0.497",231.17,24.753,"10.649",266.572,348.321
"194",1989-02-01,211.272,"9.618",243.927,317.572,65.188,4.654,"3.041","0.763",211.272,23.037,"9.618",243.927,317.572
"195",1989-03-01,236.6,"10.649",268.315,358.115,79.268,5.438,"4.22","0.873",236.6,21.067,"10.649",268.315,358.115
"196",1989-04-01,218.29,"10.305",251.946,346.511,84.295,4.797,"4.66","0.812",218.29,23.351,"10.305",251.946,346.511
"197",1989-05-01,200.711,"10.649",241.235,350.304,98.2,5.064,"5.109","0.697",200.711,29.876,"10.649",241.235,350.304
"198",1989-06-01,208.439,"10.305",248.447,349.753,90.614,4.984,"5.175","0.534",208.439,29.704,"10.305",248.447,349.753
"199",1989-07-01,217.404,"10.649",261.318,351.72,79.373,5.069,"5.476","0.485",217.404,33.265,"10.649",261.318,351.72
"200",1989-08-01,234.088,"10.649",276.985,358.32,70.675,4.919,"5.389","0.352",234.088,32.249,"10.649",276.985,358.32
"201",1989-09-01,220.479,"10.305",264.811,341.553,66.237,4.609,"4.941","0.956",220.479,34.027,"10.305",264.811,341.553
"202",1989-10-01,230.492,"10.649",276.462,356.682,70.285,4.835,"4.501","0.599",230.492,35.321,"10.649",276.462,356.682
"203",1989-11-01,231.613,"10.305",276.819,359.731,74.172,4.623,"3.697","0.419",231.613,34.901,"10.305",276.819,359.731
"204",1989-12-01,239.066,"10.649",282.52,367.555,76.402,4.948,"3.465","0.219",239.066,32.806,"10.649",282.52,367.555
"205",1990-01-01,193.411,"9.416",236.692,329.327,83.078,5.514,"3.015","1.028",193.411,33.865,"9.416",236.692,329.327
"206",1990-02-01,186.722,"8.505",226.266,321.465,86.122,5.032,"3.256","0.789",186.722,31.039,"8.505",226.266,321.465
"207",1990-03-01,199.565,"9.416",244.248,353.956,98.841,5.54,"4.489","0.837",199.565,35.267,"9.416",244.248,353.956
"208",1990-04-01,190.159,"9.112",232.64,334.136,90.589,4.526,"4.946","1.434",190.159,33.369,"9.112",232.64,334.136
"209",1990-05-01,166.803,"9.416",210.108,317.791,95.753,5.22,"5.515","1.195",166.803,33.889,"9.416",210.108,317.791
"210",1990-06-01,134.939,"9.112",178.544,289.276,98.444,5.368,"5.534","1.387",134.939,34.493,"9.112",178.544,289.276
"211",1990-07-01,176.618,"9.416",219.713,315.872,84.49,5.43,"5.832","0.406",176.618,33.679,"9.416",219.713,315.872
"212",1990-08-01,201.445,"9.416",245.632,332.58,75.559,5.369,"5.781","0.239",201.445,34.771,"9.416",245.632,332.58
"213",1990-09-01,196.099,"9.112",239.932,311.965,61.422,5.072,"5.228","0.311",196.099,34.72,"9.112",239.932,311.965
"214",1990-10-01,190.414,"9.416",235.437,312.873,66.657,5.305,"4.782","0.693",190.414,35.607,"9.416",235.437,312.873
"215",1990-11-01,177.629,"9.112",220.256,301.883,71.863,5.092,"3.884","0.789",177.629,33.515,"9.112",220.256,301.883
"216",1990-12-01,202.362,"9.416",245.644,341.584,86.44,5.394,"3.7","0.406",202.362,33.866,"9.416",245.644,341.584
"217",1991-01-01,221.773,"10.871",269.531,370.278,91.732,5.679,"3.125","0.212",221.773,36.887,"10.871",269.531,370.278
"218",1991-02-01,161.586,"9.819",204.535,292.511,78.638,4.981,"3.369","0.989",161.586,33.129,"9.819",204.535,292.511
"219",1991-03-01,165.815,"10.871",214.374,317.683,92.384,5.658,"4.561","0.707",165.815,37.688,"10.871",214.374,317.683
"220",1991-04-01,142.348,"10.521",190.452,293.309,91.874,5.144,"5.026","0.813",142.348,37.583,"10.521",190.452,293.309
"221",1991-05-01,156.299,"10.871",206.579,320.12,101.296,5.27,"5.739","1.237",156.299,39.409,"10.871",206.579,320.12
"222",1991-06-01,161.835,"10.521",209.721,313.437,91.854,5.528,"5.803","0.53",161.835,37.366,"10.521",209.721,313.437
"223",1991-07-01,163.21,"10.871",210.055,309.257,86.984,5.556,"6.133","0.53",163.21,35.974,"10.871",210.055,309.257
"224",1991-08-01,201.887,"10.871",250.834,340.813,77.658,5.51,"6.035","0.777",201.887,38.076,"10.871",250.834,340.813
"225",1991-09-01,220.843,"10.521",267.735,345.122,65.997,5.196,"5.487","0.707",220.843,36.371,"10.521",267.735,345.122
"226",1991-10-01,204.17,"10.871",249.408,324.454,63.197,5.465,"4.935","1.448",204.17,34.366,"10.871",249.408,324.454
"227",1991-11-01,194.094,"10.521",241.541,318.757,66.085,5.647,"4.034","1.448",194.094,36.927,"10.521",241.541,318.757
"228",1991-12-01,220.221,"10.871",267.033,355.69,78.349,5.845,"3.792","0.671",220.221,35.94,"10.871",267.033,355.69
"229",1992-01-01,225.223,"12.282",279.197,366.577,77.844,5.828,"3.196","0.512",225.223,41.692,"12.282",279.197,366.577
"230",1992-02-01,179.107,"11.489",230.468,305.537,64.67,5.188,"3.451","1.759",179.107,39.871,"11.489",230.468,305.537
"231",1992-03-01,169.584,"12.282",221.177,311.299,78.408,5.842,"4.752","1.12",169.584,39.312,"12.282",221.177,311.299
"232",1992-04-01,162.501,"11.886",210.172,292.073,70.18,5.351,"5.284","1.088",162.501,35.785,"11.886",210.172,292.073
"233",1992-05-01,136.512,"12.282",190.537,282.361,79.98,5.641,"5.883","0.32",136.512,41.743,"12.282",190.537,282.361
"234",1992-06-01,178.938,"11.886",230.985,323.546,80.819,5.556,"5.931","0.256",178.938,40.161,"11.886",230.985,323.546
"235",1992-07-01,196.218,"12.282",250.15,333.005,70.671,5.654,"6.274","0.256",196.218,41.651,"12.282",250.15,333.005
"236",1992-08-01,216.248,"12.282",269.662,347.51,65.474,5.689,"6.205","0.48",216.248,41.132,"12.282",269.662,347.51
"237",1992-09-01,199.5,"11.886",251.511,324.027,60.474,5.326,"5.628","1.088",199.5,40.125,"11.886",251.511,324.027
"238",1992-10-01,219.054,"12.282",269.545,340.565,59.474,5.6,"5.115","0.832",219.054,38.209,"12.282",269.545,340.565
"239",1992-11-01,220.592,"11.886",264.383,345.048,69.964,5.554,"4.187","0.96",220.592,31.905,"11.886",264.383,345.048
"240",1992-12-01,209.993,"12.282",263.891,360.2,85.579,5.633,"3.914","1.184",209.993,41.616,"12.282",263.891,360.2
"241",1993-01-01,212.917,"14.701",274.257,373.255,88.873,5.993,"3.288","0.844",212.917,46.639,"13.931",273.487,372.485
"242",1993-02-01,190.799,"12.587",240.964,322.185,71.73,5.752,"3.57","0.169",190.799,37.578,"12.979",241.356,322.577
"243",1993-03-01,202.466,"14.83",263.204,359.855,83.868,6.057,"4.954","1.773",202.466,45.908,"15.052",263.426,360.077
"244",1993-04-01,176.447,"14.208",226.859,330.605,90.98,5.985,"5.515","1.266",176.447,36.205,"13.434",226.086,329.831
"245",1993-05-01,141.057,"14.454",196.012,313.546,104.743,5.472,"6.053","1.266",141.057,40.502,"13.452",195.01,312.544
"246",1993-06-01,142.881,"13.992",197.445,304.45,95.182,5.471,"6.058","0.295",142.881,40.571,"13.51",196.963,303.968
"247",1993-07-01,159.077,"13.875",212.707,309.916,84.36,5.939,"6.445","0.464",159.077,39.755,"13.684",212.516,309.725
"248",1993-08-01,215.249,"12.088",262.322,346.577,71.587,6.014,"6.401","0.253",215.249,34.984,"11.273",261.507,345.762
"249",1993-09-01,197.49,"13.21",250.551,324.882,62.245,5.803,"5.818","0.464",197.49,39.852,"13.744",251.085,325.416
"250",1993-10-01,203.03,"14.46",257.383,331.48,62.087,5.796,"5.243","0.971",203.03,39.893,"14.617",257.54,331.637
"251",1993-11-01,209.594,"14.96",262.183,338.485,64.729,5.715,"4.297","1.562",209.594,37.629,"16.607",263.83,340.132
"252",1993-12-01,208.767,"15.97",264.559,352.074,76.662,5.886,"4.039","0.929",208.767,39.822,"16.778",265.367,352.882
"253",1994-01-01,252.903,"16.599",306.708,388.854,72.773,5.941,"3.432","0",252.903,37.205,"17.536",307.644,389.79
"254",1994-02-01,194.065,"13.272",244.594,323.751,69.738,5.397,"3.68","0.343",194.065,37.257,"13.875",245.198,324.355
"255",1994-03-01,202.598,"15.795",261.461,354.509,80.508,5.537,"5.137","1.865",202.598,43.069,"16.083",261.749,354.797
"256",1994-04-01,183.168,"13.315",236.035,332.955,84.264,5.608,"5.64","1.408",183.168,39.552,"13.977",236.697,333.618
"257",1994-05-01,141.247,"15.12",202.48,303.865,88.353,5.56,"6.216","1.256",141.247,46.113,"14.957",202.317,303.702
"258",1994-06-01,156.533,"14.26",215.744,313.708,85.343,5.073,"6.292","1.256",156.533,44.95,"13.657",215.14,313.104
"259",1994-07-01,216.33,"14.635",274.451,366.741,79.712,5.347,"6.584","0.647",216.33,43.487,"14.302",274.118,366.408
"260",1994-08-01,193.374,"15.187",251.577,333.54,69.257,5.777,"6.471","0.457",193.374,43.016,"15.43",251.82,333.782
"261",1994-09-01,180.928,"17.765",238.967,307.933,56.561,5.39,"5.949","1.066",180.928,40.274,"14.752",235.954,304.919
"262",1994-10-01,209.489,"16.114",271.599,343.569,59.757,5.538,"5.458","1.218",209.489,45.995,"17.616",273.101,345.071
"263",1994-11-01,198.716,"17.753",261.436,338.304,65.325,5.454,"4.415","1.675",198.716,44.967,"17.406",261.089,337.957
"264",1994-12-01,194.468,"18.576",262.482,348.732,75.959,5.584,"4.136","0.571",194.468,49.439,"18.801",262.708,348.958
"265",1995-01-01,181.661,"18.455",243.462,336.872,84.852,5.125,"3.415","0.019",181.661,43.345,"17.366",242.373,335.783
"266",1995-02-01,151.839,"16.773",206.657,299.81,85.447,3.934,"3.692","0.08",151.839,38.045,"15.809",205.693,298.846
"267",1995-03-01,181.966,"18.162",239.82,346.752,97.479,4.332,"5.105","0.016",181.966,39.692,"18.363",240.022,346.954
"268",1995-04-01,202.143,"17.599",267.571,361.046,83.847,3.87,"5.735","0.023",202.143,47.829,"17.318",267.29,360.765
"269",1995-05-01,174.718,"17.171",227.439,333.643,94.791,3.649,"6.37","1.394",174.718,35.551,"15.558",225.827,332.03
"270",1995-06-01,164.965,"16.388",226.934,342.092,103.128,3.858,"6.471","1.701",164.965,45.581,"17.411",227.957,343.116
"271",1995-07-01,234.038,"15.354",294.251,400.977,93.729,4.132,"6.75","2.115",234.038,44.859,"14.341",293.238,399.964
"272",1995-08-01,240.237,"14.663",301.628,399.583,83.175,6.243,"6.674","1.862",240.237,46.729,"12.71",299.676,397.631
"273",1995-09-01,208.217,"15.073",268.791,349.815,68.333,4.69,"6.047","1.955",208.217,45.502,"15.114",268.833,349.856
"274",1995-10-01,227.438,"15.905",292.175,384.663,78.993,7.148,"5.471","0.876",227.438,48.833,"18.294",294.565,387.053
"275",1995-11-01,203.6,"14.993",267.659,366.2,87.148,6.492,"4.473","0.427",203.6,49.066,"19.828",272.494,371.034
"276",1995-12-01,199.049,"17.201",262.694,373.129,99.64,6.275,"4.192","0.329",199.049,46.444,"17.684",263.176,373.611
"277",1996-01-01,215.337,"16.092",272.584,385.971,104.821,4.591,"3.472","0.503",215.337,41.154,"17.095",273.586,386.973
"278",1996-02-01,169.485,"12.825",226.038,343.243,108.488,4.575,"3.76","0.382",169.485,43.729,"14.424",227.637,344.842
"279",1996-03-01,196.558,"14.13",259.039,385.026,115.603,4.45,"5.293","0.64",196.558,48.352,"14.816",259.726,385.713
"280",1996-04-01,149.671,"12.051",205.729,325.915,108.647,4.84,"5.865","0.834",149.671,44.007,"12.103",205.781,325.967
"281",1996-05-01,176.787,"9.009",231.211,356.221,113.485,3.701,"6.487","1.336",176.787,45.415,"9.88",232.082,357.092
"282",1996-06-01,197.279,"6.717",254.182,375.816,108.928,4.863,"6.562","1.282",197.279,50.186,"7.258",254.723,376.357
"283",1996-07-01,221.032,"7.528",281.656,395.278,98.519,6.472,"6.804","1.826",221.032,53.096,"7.434",281.563,395.184
"284",1996-08-01,241.559,"9.052",294.581,398.87,89.62,6.651,"6.602","1.416",241.559,43.97,"9.132",294.661,398.95
"285",1996-09-01,201.147,"9.753",259.345,347.92,75.536,5.883,"5.956","1.199",201.147,48.445,"9.056",258.648,347.223
"286",1996-10-01,241.017,"14.983",310.461,400.155,77.094,6.243,"5.494","0.863",241.017,54.461,"13.457",308.935,398.629
"287",1996-11-01,230.3,"14.166",295.562,387.043,80.374,6.275,"4.495","0.337",230.3,51.096,"14.073",295.468,386.949
"288",1996-12-01,196.854,"14.977",264.912,378.537,103.4,5.545,"4.262","0.417",196.854,53.08,"14.061",263.996,377.621
"289",1997-01-01,219.532,"14.553",275.641,397.124,112.458,5.192,"3.422","0.411",219.532,41.556,"13.881",274.968,396.451
"290",1997-02-01,169.842,"13.867",226.521,342.279,107.528,4.096,"3.762","0.372",169.842,42.813,"14.02",226.674,342.432
"291",1997-03-01,191.206,"15.957",251.136,381.623,119.397,5.407,"5.176","0.507",191.206,43.974,"15.683",250.862,381.349
"292",1997-04-01,189.865,"14.195",252.01,374.093,109.441,5.789,"5.748","1.106",189.865,47.949,"14.063",251.878,373.961
"293",1997-05-01,200.871,"18.01",268.515,398.347,116.635,5.71,"6.292","1.196",200.871,49.635,"15.981",266.486,396.319
"294",1997-06-01,172.743,"13.393",231.69,362.325,117.564,4.874,"6.433","1.764",172.743,45.553,"12.665",230.961,361.596
"295",1997-07-01,195.848,"16.795",259.985,382.54,108.011,6.085,"6.721","1.738",195.848,47.342,"16.639",259.829,382.384
"296",1997-08-01,204.296,"12.415",264.422,370.673,91.802,6.028,"6.612","1.809",204.296,47.711,"12.495",264.502,370.753
"297",1997-09-01,193.213,"15.398",250.744,343.197,79.836,5.771,"5.958","0.888",193.213,42.133,"14.652",249.998,342.452
"298",1997-10-01,239.624,"17.797",305.656,402.188,84.394,5.765,"5.437","0.937",239.624,48.235,"18.834",306.693,403.225
"299",1997-11-01,203.767,"14.924",264.591,355.868,80.9,5.704,"4.424","0.248",203.767,45.9,"15.167",264.834,356.111
"300",1997-12-01,190.185,"19.012",256.998,355.807,88.252,6.125,"4.187","0.244",190.185,47.802,"19.549",257.536,356.344
"301",1998-01-01,218.095,"19.477",278.211,386.269,98.328,6.296,"3.375","0.059",218.095,40.639,"19.047",277.781,385.839
"302",1998-02-01,158.343,"14.054",212.209,323.378,102.347,5.165,"3.629","0.028",158.343,39.813,"14.668",212.823,323.992
"303",1998-03-01,179.494,"15.307",240.963,360.492,108.119,6.251,"5.138","0.021",179.494,46.162,"16.458",242.115,361.643
"304",1998-04-01,178.06,"17.467",240.612,348.763,97.61,4.583,"5.664","0.293",178.06,45.084,"16.07",239.214,347.366
"305",1998-05-01,186.622,"14.75",250.239,374.487,113.264,4.321,"6.173","0.489",186.622,48.867,"13.976",249.466,373.713
"306",1998-06-01,128.7,"16.033",186.089,309.019,110.348,4.907,"6.327","1.348",128.7,41.356,"15.135",185.191,308.12
"307",1998-07-01,184.548,"15.64",246.326,358.537,97.785,5.879,"6.679","1.868",184.548,46.139,"15.376",246.062,358.273
"308",1998-08-01,191.758,"16.269",254.237,354.15,85.678,6.212,"6.584","1.438",191.758,46.21,"16.221",254.189,354.102
"309",1998-09-01,186.479,"17.262",248.27,332.989,71.06,6.079,"5.956","1.623",186.479,44.53,"16.908",247.917,332.635
"310",1998-10-01,202.005,"17.655",267.922,345.379,64.434,6.608,"5.395","1.019",202.005,48.262,"18.484",268.751,346.208
"311",1998-11-01,171.31,"17.794",230.488,309.809,68.31,6.004,"4.389","0.618",171.31,41.384,"17.35",230.044,309.366
"312",1998-12-01,198.747,"20.766",273.362,370.867,85.937,5.902,"4.147","1.519",198.747,53.849,"21.342",273.938,371.443
"313",1999-01-01,210.996,"19.158",272.26,383.582,100.724,6.154,"3.294","1.15",210.996,42.105,"18.586",271.688,383.01
"314",1999-02-01,162.352,"15.417",220.539,328.183,97.902,5.118,"3.57","1.054",162.352,42.77,"15.313",220.435,328.079
"315",1999-03-01,149.912,"17.696",212.177,334.062,109.456,5.921,"4.984","1.524",149.912,44.57,"16.867",211.349,333.234
"316",1999-04-01,183.534,"19.152",249.92,355.198,93.28,5.188,"5.536","1.274",183.534,47.234,"16.77",247.537,352.815
"317",1999-05-01,222.166,"17.388",289.264,401.37,98.936,6.109,"6.121","0.94",222.166,49.711,"16.077",287.953,400.059
"318",1999-06-01,173.903,"14.336",236.09,353.158,104.294,5.724,"6.184","0.866",173.903,47.851,"15.636",237.39,354.459
"319",1999-07-01,203.953,"14.275",264.292,379.433,101.288,5.814,"6.482","1.556",203.953,46.064,"14.23",264.247,379.388
"320",1999-08-01,197.764,"17.11",258.854,360.215,87.778,5.902,"6.377","1.304",197.764,43.98,"16.624",258.368,359.73
"321",1999-09-01,181.899,"17.877",244.14,328.356,71.283,5.87,"5.775","1.288",181.899,44.364,"16.972",243.235,327.451
"322",1999-10-01,164.413,"19.309",228.256,308.985,67.908,6.081,"5.311","1.428",164.413,44.534,"19.844",228.79,309.52
"323",1999-11-01,192.219,"18.101",254.125,337.65,72.21,5.8,"4.307","1.209",192.219,43.805,"19.651",255.675,339.2
"324",1999-12-01,171.056,"20.99",235.215,332.407,85.198,6.207,"4.068","1.72",171.056,43.17,"22.398",236.623,333.816
"325",2000-01-01,160.708,"19.339",222.067,319.978,86.468,6.086,"3.155","2.202",160.708,42.021,"19.713",222.442,320.353
"326",2000-02-01,185.259,"18.258",246.169,334.369,76.714,5.637,"3.44","2.409",185.259,42.652,"17.294",245.205,333.404
"327",2000-03-01,195.714,"19.502",263.209,366.04,91.11,5.793,"4.733","1.194",195.714,47.994,"19.973",263.681,366.512
"328",2000-04-01,187.07,"19.985",254.609,364.11,97.207,5.929,"5.239","1.126",187.07,47.555,"18.611",253.235,362.737
"329",2000-05-01,184.011,"19.973",254.678,361.267,93.56,5.805,"5.832","1.392",184.011,50.694,"20.077",254.782,361.371
"330",2000-06-01,167.726,"17.673",227.712,326.724,85.931,5.66,"5.895","1.525",167.726,42.314,"16.306",226.346,325.357
"331",2000-07-01,191.305,"19.912",255.348,351.077,82.333,5.838,"6.261","1.296",191.305,44.131,"19.246",254.682,350.411
"332",2000-08-01,194.632,"17.661",254.942,343.214,74.999,5.845,"6.144","1.284",194.632,42.649,"19.402",256.683,344.955
"333",2000-09-01,180.764,"18.729",240.331,312.937,60.736,5.128,"5.608","1.134",180.764,40.838,"18.906",240.508,313.113
"334",2000-10-01,206.142,"20.697",270.472,341.025,58.639,5.455,"5.056","1.404",206.142,43.633,"21.918",271.693,342.246
"335",2000-11-01,200.803,"19.9",261.335,339.223,65.377,5.6,"4.103","2.808",200.803,40.632,"21.464",262.899,340.787
"336",2000-12-01,207.582,"21.518",254.788,333.069,67.181,5.909,"3.882","1.309",207.582,25.688,"22.801",256.071,334.352
"337",2001-01-01,175.982,"21.638",228.434,303.197,64.323,6.104,"3.008","1.328",175.982,30.814,"23.739",230.534,305.297
"338",2001-02-01,155.969,"19.67",202.849,272.585,59.617,5.386,"3.261","1.471",155.969,27.21,"20.084",203.263,272.999
"339",2001-03-01,168.14,"21.192",219.649,301.844,69.868,5.97,"4.542","1.816",168.14,30.317,"21.55",220.006,302.202
"340",2001-04-01,163.973,"19.537",213.628,288.028,61.46,5.584,"5.02","2.336",163.973,30.118,"18.71",212.8,287.2
"341",2001-05-01,161.457,"20.222",211.506,290.338,65.427,5.565,"5.672","2.167",161.457,29.828,"19.576",210.861,289.692
"342",2001-06-01,163.772,"20.044",213.95,298.272,70.723,5.559,"5.755","2.285",163.772,30.134,"16.692",210.598,294.92
"343",2001-07-01,169.421,"21.023",221.842,297.654,61.686,5.93,"6.029","2.167",169.421,31.398,"23.398",224.217,300.029
"344",2001-08-01,173.357,"21.283",225.897,304.239,64.534,5.892,"5.947","1.969",173.357,31.258,"18.938",223.552,301.895
"345",2001-09-01,163.666,"21.008",214.229,279.069,52.054,5.734,"5.38","1.673",163.666,29.555,"20.372",213.593,278.433
"346",2001-10-01,174.181,"22.657",227.319,292.015,51.98,5.873,"4.773","2.071",174.181,30.481,"25.014",229.675,294.372
"347",2001-11-01,166.005,"22.961",219.773,283.668,52.589,5.796,"3.905","1.605",166.005,30.807,"22.206",219.018,282.914
"348",2001-12-01,169.916,"23.218",225.088,302.843,66.01,5.97,"3.675","2.101",169.916,31.954,"22.369",224.239,301.994
"349",2002-01-01,169.367,"25.334",228.396,314.861,74.364,6.41,"2.923","2.769",169.367,33.695,"23.789",226.851,313.316
"350",2002-02-01,148.458,"20.747",198.932,279.136,68.894,5.685,"3.189","2.436",148.458,29.727,"21.185",199.37,279.574
"351",2002-03-01,159.644,"24.003",217.568,302.856,71.682,6.264,"4.435","2.907",159.644,33.921,"21.037",214.601,299.89
"352",2002-04-01,158.336,"22.916",212.852,309.709,82.729,5.755,"4.877","3.495",158.336,31.601,"22.43",212.366,309.223
"353",2002-05-01,168.013,"24.238",225.155,331.378,90.973,6.165,"5.408","3.677",168.013,32.904,"23.838",224.755,330.978
"354",2002-06-01,159.326,"22.416",215.107,326.674,96.262,5.878,"5.585","3.843",159.326,33.365,"21.848",214.539,326.107
"355",2002-07-01,176.434,"24.015",235.713,337.792,86.906,6.323,"5.812","3.038",176.434,35.264,"24.563",236.261,338.34
"356",2002-08-01,163.556,"25.418",224.4,311.593,71.938,6.203,"5.719","3.332",163.556,35.426,"24.98",223.963,311.155
"357",2002-09-01,171.211,"26.251",230.855,302.858,58.3,6.029,"5.162","2.511",171.211,33.394,"25.367",229.971,301.973
"358",2002-10-01,180.316,"29.849",243.767,315.739,58.589,6.231,"4.647","2.506",180.316,33.603,"29.756",243.674,315.646
"359",2002-11-01,166.492,"30.001",230.328,309.716,67.319,6.01,"3.821","2.238",166.492,33.835,"32.207",232.533,311.921
"360",2002-12-01,174.133,"32.931",242.334,328.629,73.933,6.235,"3.551","2.577",174.133,35.27,"32.335",241.737,328.033
"361",2003-01-01,169.564,"33.05",237.044,318.956,70.287,6.618,"2.848","2.158",169.564,34.431,"30.723",234.717,316.629
"362",2003-02-01,153.718,"28.469",212.693,291.767,67.489,5.959,"3.083","2.543",153.718,30.507,"31.894",216.118,295.192
"363",2003-03-01,166.337,"32.649",233.288,330.201,82.578,6.465,"4.334","3.535",166.337,34.303,"30.555",231.195,328.108
"364",2003-04-01,162.813,"32.368",228.516,327.749,84.478,6.232,"4.795","3.729",162.813,33.334,"32.588",228.736,327.968
"365",2003-05-01,163.891,"32.625",229.756,345.099,100.297,6.315,"5.298","3.434",163.891,33.24,"32.694",229.825,345.168
"366",2003-06-01,162.635,"32.703",228.254,341.209,97.536,6.424,"5.421","3.573",162.635,32.915,"31.844",227.395,340.349
"367",2003-07-01,174.308,"33.241",242.533,342.647,84.765,6.517,"5.579","3.253",174.308,34.984,"32.473",241.766,341.879
"368",2003-08-01,171.772,"33.6",239.928,333.101,78.381,6.488,"5.522","2.782",171.772,34.556,"34.451",240.779,333.952
"369",2003-09-01,164.17,"34.169",230.968,308.47,63.055,6.358,"5.034","3.054",164.17,32.628,"32.475",229.274,306.776
"370",2003-10-01,169.075,"35.036",236.938,313.818,62.878,6.406,"4.535","3.061",169.075,32.827,"35.228",237.129,314.009
"371",2003-11-01,166.306,"34.893",233.698,314.096,67.268,6.18,"3.669","3.28",166.306,32.498,"37.877",236.682,317.08
"372",2003-12-01,177.447,"38.591",251.16,347.074,82.039,6.653,"3.452","3.77",177.447,35.123,"40.285",252.855,348.768
"373",2004-01-01,183.985,"39.269",255.574,347.154,78.419,6.942,"2.809","3.41",183.985,32.32,"40.19",256.495,348.075
"374",2004-02-01,168.663,"36.894",236.689,321.055,71.357,6.504,"3.019","3.486",168.663,31.132,"38.748",238.543,322.908
"375",2004-03-01,175.736,"39.846",248.532,342.168,78.184,6.758,"4.289","4.406",175.736,32.949,"39.945",248.63,342.267
"376",2004-04-01,175.957,"39.105",247.253,334.068,71.27,6.405,"4.722","4.418",175.957,32.191,"40.264",248.412,335.227
"377",2004-05-01,169.777,"41.089",244.383,344.066,81.955,6.644,"5.278","5.806",169.777,33.517,"41.67",244.964,344.647
"378",2004-06-01,171.743,"39.836",244.075,346.968,86.161,6.621,"5.343","4.767",171.743,32.495,"42.516",246.754,349.647
"379",2004-07-01,183.591,"40.447",257.042,353.034,79.562,6.883,"5.575","3.973",183.591,33.003,"40.597",257.191,353.184
"380",2004-08-01,179.526,"41.803",254.446,344.004,73.672,6.813,"5.488","3.585",179.526,33.116,"41.745",254.388,343.947
"381",2004-09-01,171.017,"40.538",243.019,328.252,70.032,6.497,"4.986","3.718",171.017,31.463,"41.372",243.852,329.085
"382",2004-10-01,179.681,"41.982",253.52,332.739,64.36,6.879,"4.47","3.511",179.681,31.857,"43.223",254.761,333.981
"383",2004-11-01,173.661,"41.609",247.286,332.106,71.437,6.578,"3.625","3.181",173.661,32.016,"42.508",248.184,333.005
"384",2004-12-01,187.914,"43.302",264.199,367.856,89.431,6.81,"3.418","3.999",187.914,32.983,"45",265.897,369.554
"385",2005-01-01,185.551,"45.102",264.707,361.269,82.817,7.143,"2.742","3.861",185.551,34.054,"46.014",265.619,362.181
"386",2005-02-01,175.761,"41.376",247.271,333.479,73.722,6.22,"2.968","3.298",175.761,30.134,"41.146",247.041,333.249
"387",2005-03-01,180.584,"45.51",260.043,354.763,78.258,6.98,"4.158","5.325",180.584,33.949,"44.966",259.499,354.219
"388",2005-04-01,171.578,"43.143",246.929,342.863,78.675,6.829,"4.638","5.792",171.578,32.208,"42.537",246.323,342.257
"389",2005-05-01,176.617,"44.487",255.79,367.186,93.074,7.185,"5.178","5.959",176.617,34.686,"45.383",256.686,368.082
"390",2005-06-01,173.219,"45.082",252.466,362.264,91.384,7.036,"5.247","6.131",173.219,34.165,"47.73",255.114,364.912
"391",2005-07-01,182.702,"48.33",266.332,372.396,88.565,7.213,"5.438","4.848",182.702,35.3,"49.025",267.028,373.092
"392",2005-08-01,182.796,"48.584",266.097,356.107,73.582,7.149,"5.396","3.883",182.796,34.718,"51.217",268.73,358.74
"393",2005-09-01,174.501,"47.316",255.348,331.447,59.245,6.95,"4.894","5.01",174.501,33.531,"47.804",255.836,331.935
"394",2005-10-01,178.567,"50.269",261.121,339.018,61.438,7.126,"4.399","4.934",178.567,32.286,"51.536",262.388,340.286
"395",2005-11-01,173.209,"49.787",256.532,338.541,66.031,6.939,"3.547","5.492",173.209,33.536,"51.832",258.577,340.586
"396",2005-12-01,181.612,"52.284",268.55,360.826,75.546,7.159,"3.335","6.237",181.612,34.653,"54.823",271.089,363.365
"397",2006-01-01,187.674,"54.188",276.647,388.583,93.614,7.312,"2.881","8.13",187.674,34.785,"52.761",275.22,387.157
"398",2006-02-01,164.912,"51.185",247.274,348.049,84.487,6.605,"3.124","6.558",164.912,31.177,"48.955",245.044,345.819
"399",2006-03-01,175.5,"56.829",265.069,368.883,84.019,7.421,"4.327","8.048",175.5,32.74,"55.374",263.614,367.428
"400",2006-04-01,166.537,"52.99",250.384,367.94,97.432,6.869,"4.821","8.434",166.537,30.858,"54.87",252.265,369.82
"401",2006-05-01,171.132,"56.266",261.125,386.89,105.153,6.855,"5.368","8.389",171.132,33.727,"62.992",267.851,393.615
"402",2006-06-01,170.346,"59.32",261.96,383.011,101.532,7.108,"5.41","7.001",170.346,32.295,"69",271.64,392.691
"403",2006-07-01,180.235,"60.456",274.809,381.34,86.799,7.421,"5.64","6.671",180.235,34.118,"65.85",280.203,386.734
"404",2006-08-01,179.396,"63.872",277.063,370.019,74.137,7.515,"5.657","5.647",179.396,33.794,"69.551",282.741,375.697
"405",2006-09-01,173.115,"62.519",267.952,345.317,58.691,7.177,"5.085","6.412",173.115,32.318,"68.463",273.896,351.261
"406",2006-10-01,177.454,"64.739",275.12,353.69,58.192,7.468,"4.577","8.333",177.454,32.927,"72.077",282.458,361.028
"407",2006-11-01,172.741,"64.175",270.475,359.164,69.167,7.136,"3.718","8.668",172.741,33.56,"70.949",277.249,365.938
"408",2006-12-01,180.279,"69.095",283.636,376.761,73.685,7.519,"3.487","8.433",180.279,34.262,"75.418",289.959,383.083
"409",2007-01-01,182.455,"71.627",290.845,399.004,88.865,7.911,"3.016","8.367",182.455,36.763,"76.469",295.687,403.846
"410",2007-02-01,162.893,"66.107",261.666,343.865,63.349,6.983,"3.269","8.598",162.893,32.666,"69.09",264.65,346.849
"411",2007-03-01,174.64,"73.657",285.146,390.167,82.446,7.599,"4.579","10.397",174.64,36.85,"75.945",287.435,392.456
"412",2007-04-01,173.47,"72.575",278.386,383.102,81.515,7.329,"5.051","10.822",173.47,32.341,"71.828",277.639,382.355
"413",2007-05-01,173.553,"78.629",286.01,398.044,88.872,7.431,"5.658","10.073",173.553,33.828,"77.982",285.363,397.397
"414",2007-06-01,170.164,"78.428",281.995,382.096,77.85,7.603,"5.707","8.941",170.164,33.402,"80.617",284.184,384.285
"415",2007-07-01,178.134,"83.124",295.653,393.45,76.694,7.757,"5.981","7.364",178.134,34.395,"82.563",295.092,392.889
"416",2007-08-01,174.785,"86.362",295.523,386.428,68.037,7.771,"5.886","9.21",174.785,34.377,"86.584",295.746,386.651
"417",2007-09-01,169.547,"84.913",287.603,360.587,50.302,7.533,"5.367","9.781",169.547,33.143,"83.95",286.64,359.623
"418",2007-10-01,174.97,"89.501",299.416,374.075,50.485,7.805,"4.848","11.521",174.97,34.945,"92.473",302.388,377.047
"419",2007-11-01,172.532,"90.469",297.828,373.327,53.507,7.51,"3.922","10.56",172.532,34.827,"88.647",296.006,371.505
"420",2007-12-01,181.632,"94.677",312.007,397.97,62.582,7.81,"3.662","11.909",181.632,35.698,"96.665",313.995,399.957
"421",2008-01-01,195.336,"99.696",331.138,427.86,70.898,8.038,"3.206","14.58",195.336,36.106,"95.746",327.188,423.909
"422",2008-02-01,169.281,"95.947",300.535,388.671,64.108,7.368,"3.518","13.142",169.281,35.307,"95.403",299.991,388.128
"423",2008-03-01,175.228,"108.172",321.487,424.851,73.934,8.181,"4.933","16.316",175.228,38.088,"100.607",313.922,417.287
"424",2008-04-01,171.485,"106.434",314.073,421.184,75.862,7.943,"5.478","17.829",171.485,36.154,"105.611",313.25,420.361
"425",2008-05-01,172.47,"115.872",324.185,449.522,92.879,8.209,"6.029","18.221",172.47,35.843,"111.983",320.296,445.634
"426",2008-06-01,167.713,"110.288",313.335,444.695,99.553,8.087,"6.181","17.539",167.713,35.334,"108.741",311.788,443.148
"427",2008-07-01,173.963,"119.214",330.507,446.062,87.194,8.276,"6.408","13.677",173.963,37.33,"118.887",330.18,445.735
"428",2008-08-01,171.954,"125.23",333.607,431.761,72.434,8.256,"6.326","11.138",171.954,36.423,"123.463",331.84,429.994
"429",2008-09-01,164.058,"120.382",318.84,398.411,55.2,7.996,"5.758","10.616",164.058,34.4,"121.277",319.736,399.306
"430",2008-10-01,169.452,"124.307",330.125,412.573,52.783,8.27,"5.166","16.229",169.452,36.366,"126.128",331.946,414.393
"431",2008-11-01,166.136,"124.69",327.317,409.976,53.459,7.995,"4.167","17.038",166.136,36.491,"122.252",324.878,407.538
"432",2008-12-01,161.91,"123.769",323.102,428.996,71.179,8.216,"3.926","22.573",161.91,37.422,"127.044",326.377,432.271
"433",2009-01-01,162.356,"118.534",318.353,431.011,80.149,8.958,"3.247","20.304",162.356,37.463,"113.896",313.715,426.373
"434",2009-02-01,150.552,"109.634",294.389,386.812,60.775,8.104,"3.578","19.968",150.552,34.203,"101.386",286.141,378.565
"435",2009-03-01,159.501,"119.507",319.356,432.104,74.475,8.998,"5.053","24.222",159.501,40.348,"117.49",317.339,430.087
"436",2009-04-01,151.432,"115.45",303.489,431.059,87.927,8.584,"5.614","25.446",151.432,36.607,"119.403",307.442,435.012
"437",2009-05-01,156.528,"125.507",319.032,456.231,100.858,8.775,"6.2","21.366",156.528,36.998,"129.748",323.274,460.473
"438",2009-06-01,158.244,"126.318",321.739,455.356,99.744,8.538,"6.229","19.105",158.244,37.176,"128.286",323.707,457.323
"439",2009-07-01,167.558,"137.683",343.841,455.962,79.789,8.844,"6.582","16.906",167.558,38.599,"137.62",343.778,455.899
"440",2009-08-01,170.874,"139.431",348.551,449.335,66.808,8.83,"6.501","18.645",170.874,38.246,"139.782",348.901,449.686
"441",2009-09-01,161.716,"134.584",332.374,421.927,59.228,8.565,"5.892","15.868",161.716,36.075,"132.892",330.682,420.236
"442",2009-10-01,165.592,"142.871",346.472,450.94,67.186,8.727,"5.307","23.248",165.592,38.01,"143.407",347.009,451.477
"443",2009-11-01,162.144,"147.495",348.333,456.527,71.678,8.758,"4.3","23.458",162.144,38.694,"142.409",343.246,451.441
"444",2009-12-01,168.514,"152.906",360.689,481.882,84.378,9.228,"4.023","23.563",168.514,39.268,"146.999",354.782,475.975
"445",2010-01-01,187.178,"150.936",377.071,489.844,76.371,9.529,"3.485","23.387",187.178,38.958,"141.158",367.294,480.067
"446",2010-02-01,171.797,"140.823",347.952,449.09,70.252,8.519,"3.833","18.533",171.797,35.332,"134.986",342.116,443.254
"447",2010-03-01,187.22,"156.949",384.094,499.56,71.262,9.512,"5.386","29.306",187.22,39.925,"147.746",374.892,490.357
"448",2010-04-01,179.128,"150.611",368.922,482.552,65.158,9.122,"6.033","33.316",179.128,39.183,"147.271",365.582,479.212
"449",2010-05-01,181.788,"155.303",376.012,507.544,85.57,9.525,"6.76","29.676",181.788,38.921,"153.704",374.413,505.945
"450",2010-06-01,182.446,"151.148",372.328,517.75,101.861,9.202,"6.895","27.463",182.446,38.734,"153.3",374.48,519.901
"451",2010-07-01,189.157,"156.691",385.443,508.593,83.651,9.399,"7.158","22.942",189.157,39.595,"157.123",385.875,509.025
"452",2010-08-01,190.522,"158.933",389.064,497.073,68.647,9.478,"7.072","22.812",190.522,39.609,"157.37",387.501,495.511
"453",2010-09-01,184.923,"154.972",377.355,476.105,58.909,9.164,"6.433","24.244",184.923,37.46,"151.704",374.086,472.836
"454",2010-10-01,185.667,"161.893",386.771,489.125,60.334,9.223,"5.693","27.104",185.667,39.211,"159.105",383.983,486.337
"455",2010-11-01,183.819,"162.58",386.602,500.488,66.744,9.163,"4.721","33.259",183.819,40.202,"156.074",380.095,493.982
"456",2010-12-01,193.095,"167.041",400.917,524.855,79.053,9.591,"4.384","30.91",193.095,40.781,"161.443",395.319,519.257
"457",2011-01-01,193.637,"168.537",400.71,530.909,87.112,9.989,"3.924","29.174",193.637,38.536,"152.681",384.854,515.053
"458",2011-02-01,173.103,"150.443",359.327,490.715,82.336,9.017,"4.374","35.661",173.103,35.781,"143.489",352.374,483.761
"459",2011-03-01,186.444,"170.005",394.959,553.169,106.231,9.957,"6.043","35.978",186.444,38.511,"159.375",384.329,542.539
"460",2011-04-01,175.84,"161.958",373.481,538.506,106.435,9.447,"6.76","42.383",175.84,35.683,"152.763",364.286,529.311
"461",2011-05-01,177.915,"170.159",385.273,554.011,111.187,9.889,"7.496","40.167",177.915,37.199,"163.997",379.11,547.848
"462",2011-06-01,184.151,"167.467",389.673,553.885,109.7,9.363,"7.667","37.481",184.151,38.056,"166.881",389.087,553.298
"463",2011-07-01,189.298,"170.816",399.454,549.374,106.743,9.723,"7.903","25.551",189.298,39.34,"161.191",389.828,539.749
"464",2011-08-01,189.485,"173.999",402.931,534.036,87.905,9.742,"7.958","25.5",189.485,39.447,"173.499",402.432,533.537
"465",2011-09-01,183.603,"165.886",387.218,500.175,72.94,9.401,"7.178","23.437",183.603,37.73,"159.099",380.432,493.388
"466",2011-10-01,182.755,"175.396",397.994,517.691,67.515,9.763,"6.507","35.913",182.755,39.843,"166.454",389.052,508.749
"467",2011-11-01,183.367,"177.173",400.892,528.71,70.562,9.557,"5.259","42.44",183.367,40.352,"166.258",389.976,517.794
"468",2011-12-01,193.623,"185.585",420.525,552.823,80.973,9.912,"5.056","36.358",193.623,41.317,"175.792",410.732,543.031
"469",2012-01-01,184.808,"176.18",399.385,539.03,78.842,9.689,"4.607","46.508",184.808,38.397,"155.006",378.211,517.856
"470",2012-02-01,173.569,"163.132",373.028,494.125,69.209,9.103,"5.077","37.708",173.569,36.328,"151.441",361.337,482.434
"471",2012-03-01,177.467,"170.729",388.074,541.241,88.393,9.763,"7.148","47.861",177.467,39.878,"163.671",381.016,534.183
"472",2012-04-01,168.214,"163.535",368.981,519.625,89.72,9.464,"8.096","43.363",168.214,37.233,"159.812",365.259,515.902
"473",2012-05-01,177.251,"171.87",387.318,546.973,97.724,9.828,"9.316","42.788",177.251,38.198,"169.175",384.623,544.278
"474",2012-06-01,176.385,"164.401",377.793,528.767,90.956,9.564,"9.605","40.849",176.385,37.006,"164.569",377.961,528.935
"475",2012-07-01,183.79,"156.766",379.862,520.173,90.387,9.884,"9.934","30.104",183.79,39.306,"157.657",380.753,521.063
"476",2012-08-01,185.197,"161.795",386.269,513.269,78.591,9.827,"9.685","28.898",185.197,39.276,"167.16",391.634,518.634
"477",2012-09-01,179.203,"150.489",366.955,475.611,60.065,9.64,"8.96","29.991",179.203,37.263,"149.452",365.918,474.575
"478",2012-10-01,180.24,"152.97",373.975,491.52,56.304,9.913,"8.214","43.114",180.24,40.766,"158.729",379.734,497.279
"479",2012-11-01,178.719,"149.512",368.902,489.081,63.918,9.801,"6.715","39.745",178.719,40.671,"149.976",369.366,489.545
"480",2012-12-01,186.371,"154.363",383.017,527.555,78.423,10.122,"6.439","49.554",186.371,42.283,"152.468",381.122,525.661
"481",2013-01-01,199.658,"150.623",391.713,542.692,84.715,10.108,"5.869","50.288",199.658,41.432,"149.653",390.743,541.722
"482",2013-02-01,179.53,"137.729",354.251,487.697,69.668,9.089,"6.663","48.026",179.53,36.992,"139.735",356.257,489.703
"483",2013-03-01,195.918,"159.758",397.835,541.012,70.063,10.096,"9.26","53.758",195.918,42.16,"161.574",399.652,542.829
"484",2013-04-01,185.361,"160.339",386.469,551.448,85.631,9.567,"10.151","59.629",185.361,40.77,"162.337",388.467,553.445
"485",2013-05-01,193.12,"170.191",404.782,578.378,97.072,9.855,"11.264","55.406",193.12,41.47,"170.652",405.242,578.839
"486",2013-06-01,192.995,"168.462",401.893,563.561,93.434,9.581,"11.745","46.909",192.995,40.437,"173.842",407.273,568.941
"487",2013-07-01,204.781,"172.708",419.452,572.289,92.993,9.955,"12.038","37.851",204.781,41.963,"173.028",419.772,572.609
"488",2013-08-01,202.372,"169.115",413.684,542.61,73.813,9.905,"12.336","32.871",202.372,42.198,"172.446",417.015,545.94
"489",2013-09-01,190.5,"164.898",395.313,514.219,57.871,9.652,"11.551","39.832",190.5,39.914,"172.656",403.071,521.977
"490",2013-10-01,195.16,"180.356",417.493,543.689,58.682,10.045,"10.946","46.523",195.16,41.976,"185.584",422.721,548.917
"491",2013-11-01,195.075,"178.452",415.796,548.475,60.313,9.418,"9.028","53.921",195.075,42.268,"177.403",414.747,547.426
"492",2013-12-01,203.786,"187.472",436.115,574.712,72.09,10.053,"8.8","47.656",203.786,44.857,"187.428",436.071,574.669
"493",2014-01-01,204.218,"171.833",420.974,574.074,73.815,10.016,"8.157","61.113",204.218,44.923,"164.852",413.993,567.094
"494",2014-02-01,185.541,"155.798",382.165,507.104,59.356,8.987,"8.799","47.798",185.541,40.827,"152.659",379.026,503.966
"495",2014-03-01,203.51,"175.544",423.586,589.448,82.765,9.957,"12.624","60.515",203.51,44.532,"170.205",418.247,584.109
"496",2014-04-01,192.673,"172.314",408.886,582.906,86.801,9.701,"13.934","63.584",192.673,43.899,"170.104",406.676,580.697
"497",2014-05-01,195.933,"180.975",420.035,589.532,90.568,9.939,"15.758","53.232",195.933,43.127,"179.197",418.257,587.754
"498",2014-06-01,200.088,"180.247",422.748,590.551,87.838,9.632,"16.428","53.906",200.088,42.412,"176.124",418.624,586.428
"499",2014-07-01,206.439,"186.037",437.471,588.452,83.107,9.896,"16.395","41.583",206.439,44.994,"182.491",433.924,584.906
"500",2014-08-01,207.694,"180.371",431.02,559.856,67.582,9.928,"16.624","34.702",207.694,42.954,"183.09",433.738,562.575
"501",2014-09-01,195.605,"174.842",411.083,530.545,54.846,9.68,"15.631","39.305",195.605,40.635,"173.602",409.842,529.305
"502",2014-10-01,200.241,"181.966",424.674,557.212,58.547,9.983,"14.507","49.501",200.241,42.467,"182.914",425.622,558.16
"503",2014-11-01,198.406,"179.89",419.845,569.44,63.548,9.868,"11.805","64.374",198.406,41.549,"176.28",416.235,565.83
"504",2014-12-01,207.843,"195.329",446.73,593.582,76.186,10.085,"10.387","50.195",207.843,43.558,"187.064",438.466,585.318
"505",2015-01-01,201.691,"181.675",426.511,580.459,82.36,10.04,"9.815","51.733",201.691,43.145,"166.886",411.721,565.67
"506",2015-02-01,182.071,"164.888",385.395,532.998,76.04,9.171,"11.48","50.912",182.071,38.436,"160.592",381.098,528.701
"507",2015-03-01,192.096,"183.132",418.058,579.274,82.846,10.149,"15.989","52.231",192.096,42.831,"179.015",413.942,575.157
"508",2015-04-01,186.985,"175.482",404.12,569.372,76.671,9.561,"18.058","60.963",186.985,41.652,"173.571",402.209,567.461
"509",2015-05-01,192.617,"186.805",421.76,578.595,68.668,10.136,"19.51","58.52",192.617,42.339,"188.596",423.552,580.386
"510",2015-06-01,189.831,"187.421",419.237,564.148,69.653,9.66,"19.804","45.793",189.831,41.985,"189.441",421.258,566.168
"511",2015-07-01,198.543,"190.746",434.897,583.94,71.701,10.022,"20.66","46.661",198.543,45.608,"192.173",436.324,585.368
"512",2015-08-01,199.379,"188.213",431.663,572.235,65.245,9.979,"20.72","44.629",199.379,44.071,"192.445",435.895,576.468
"513",2015-09-01,189.132,"178.667",409.666,539.599,54.913,9.323,"18.026","47.671",189.132,41.867,"185.619",416.618,546.552
"514",2015-10-01,187.289,"186.315",418.147,556.624,56.743,9.907,"15.938","55.889",187.289,44.543,"187.005",418.836,557.314
"515",2015-11-01,188.795,"184.786",418.73,575.262,65.981,9.77,"13.628","67.154",188.795,45.15,"181.63",415.574,572.107
"516",2015-12-01,196.949,"193.08",436.774,607.029,79.041,10.091,"12.547","68.576",196.949,46.745,"187.801",431.495,601.75
"517",2016-01-01,196.373,"188.598",427.135,599.191,87.397,9.923,"11.728","63.007",191.457,42.164,"174.702",408.324,580.379
"518",2016-02-01,186.792,"178.671",405.931,581.707,82.362,9.274,"15.428","68.712",180.17,40.467,"176.11",396.747,572.523
"519",2016-03-01,190.619,"194.48",428.642,626.117,93.454,9.866,"19.297","74.857",184.745,43.543,"191.319",419.607,617.082
"520",2016-04-01,177.9,"179.125",399.703,589.697,88.296,9.33,"21.401","70.967",172.992,42.678,"177.536",393.207,583.2
"521",2016-05-01,186.887,"193.545",423.372,609.056,86.96,9.957,"24.459","64.309",180.385,42.94,"197.174",420.499,606.183
"522",2016-06-01,190.065,"194.201",424.332,593.674,79.284,9.475,"24.955","55.627",181.856,40.067,"196.602",418.525,587.866
"523",2016-07-01,192.222,"200.412",434.083,604.311,73.206,9.852,"27.056","60.114",188.103,41.448,"205.111",434.663,604.891
"524",2016-08-01,195.868,"203.744",441.57,591.345,66.771,9.897,"26.741","46.367",189.83,41.958,"209.353",441.141,590.916
"525",2016-09-01,185.531,"191.624",416.462,562.208,55.847,9.732,"24.199","55.969",178.532,39.307,"198.018",415.858,561.604
"526",2016-10-01,185.19,"198.5",424.405,584.383,59.16,9.995,"21.438","69.384",179.085,40.714,"199.452",419.251,579.229
"527",2016-11-01,187.092,"197.554",427.968,586.197,64.174,9.858,"17.985","66.212",182.283,43.322,"200.084",425.689,583.917
"528",2016-12-01,214.994,"208.942",468.546,650.925,76.865,10.339,"16.202","78.973",207.517,44.61,"207.817",459.944,642.322
"529",2017-01-01,193.059,"202.09",439.571,627.139,90.854,10.194,"15.555","70.965",186.497,44.422,"186.214",417.133,604.701
"530",2017-02-01,174.829,"182.094",396.508,580.323,81.485,9.098,"17.857","75.375",169.4,39.585,"171.424",380.408,564.223
"531",2017-03-01,192.369,"201.743",437.49,663.921,101.04,10.126,"27.472","87.793",185.415,43.377,"195.863",424.656,651.088
"532",2017-04-01,179.358,"188.334",408.227,635.132,100.345,9.795,"30.175","86.59",173.518,40.534,"189.532",403.584,630.489
"533",2017-05-01,182.888,"202.668",426.923,661.288,111.255,9.835,"34.567","78.707",177.51,41.368,"206.683",425.561,659.925
"534",2017-06-01,187.302,"196.266",423.612,642.341,104.323,9.599,"36.083","68.724",180.623,40.044,"203.243",423.91,642.64
"535",2017-07-01,193.037,"201.023",435.087,625.553,90.753,10.077,"34.635","55.001",187.489,41.027,"201.51",430.026,620.493
"536",2017-08-01,195.856,"209.101",446.085,612.154,75.18,10.044,"33.492","47.355",189.35,41.128,"210.863",441.341,607.41
"537",2017-09-01,181.264,"197.274",416.763,583.867,65.346,9.762,"30.881","61.115",173.881,38.225,"195.269",407.375,574.479
"538",2017-10-01,186.593,"206.518",433.547,614.657,60.386,9.536,"28.042","83.146",180.315,40.436,"202.523",423.274,604.384
"539",2017-11-01,188.135,"208.792",438.603,613.796,67.859,9.671,"20.501","77.162",181.089,41.676,"199.618",422.384,597.577
"540",2017-12-01,199.602,"210.966",454.004,635.13,75.91,10.105,"19.362","75.749",190.576,43.437,"201.642",435.655,616.781
"541",2018-01-01,201.634,"204.218",449.18,652.428,85.519,9.97,"20.417","87.343",196.053,43.328,"190.956",430.336,633.585
"542",2018-02-01,183.568,"189.139",412.864,609.384,84.967,9.218,"23.213","79.123",175.743,40.156,"171.592",387.492,584.012
"543",2018-03-01,197.986,"207.86",449.086,668.591,88.236,10.057,"30.918","90.294",192.165,43.24,"195.311",430.717,650.222
"544",2018-04-01,187.224,"197.237",425.122,656.554,95.929,9.272,"36.049","90.182",179.93,40.661,"186.07",406.662,638.094
"545",2018-05-01,196.397,"207.564",444.714,680.705,103.876,10.111,"40.277","81.728",188.469,40.753,"209.285",438.507,674.498
"546",2018-06-01,194.65,"204.553",438.195,668.774,94.163,9.654,"42.476","84.286",185.853,38.993,"198.474",423.319,653.898
"547",2018-07-01,202.203,"213.7",455.403,647.94,85.64,10.066,"40.715","56.116",195.468,39.5,"204.554",439.522,632.058
"548",2018-08-01,202.041,"217.345",459.274,651.954,75.122,10.058,"39.785","67.716",193.795,39.888,"211.642",445.325,638.004
"549",2018-09-01,189.591,"200.911",427.023,600.71,65.393,9.75,"35.355","63.189",181.062,36.521,"190.086",407.669,581.356
"550",2018-10-01,195.376,"212.511",448.833,627.968,66.698,9.737,"30.386","72.314",185.979,40.945,"203.303",430.227,609.363
"551",2018-11-01,192.744,"206.403",440.087,623.2,74.766,9.76,"23.468","75.118",184.016,40.939,"195.978",420.933,604.046
"552",2018-12-01,204.144,"209.304",455.871,647.491,77.784,10.327,"20.576","82.933",194.967,42.423,"197.917",435.308,626.928
"553",2019-01-01,201.936,"203.505",444.926,644.838,84.61,10.136,"22.249","82.917",195.893,39.485,"185.476",420.854,620.766
"554",2019-02-01,183.939,"185.199",404.689,593.17,78.068,9.282,"23.942","77.189",175.543,35.551,"180.279",391.372,579.853
"555",2019-03-01,195.963,"199.101",433.493,657.018,89.852,10.247,"35.49","87.936",188.849,38.429,"195.324",422.602,646.127
"556",2019-04-01,185.402,"201.785",422.747,665.972,94.922,9.498,"40.146","98.659",177.281,35.559,"194.087",406.927,650.153
"557",2019-05-01,192.803,"210.963",439.777,689.977,109.123,9.971,"43.146","87.959",184.835,36.011,"210.633",431.479,681.678
"558",2019-06-01,191.096,"205.536",432.822,661.158,95.801,9.751,"46.198","76.586",181.753,36.19,"202.714",420.658,648.994
"559",2019-07-01,200.194,"212.331",449.062,667.002,84.875,10.086,"47.572","75.408",191.838,36.537,"207.635",436.01,653.95
"560",2019-08-01,203.242,"206.151",446.394,647.658,77.038,10.147,"45.914","68.165",192.791,37.001,"203.426",433.218,634.482
"561",2019-09-01,191.084,"190.553",416.241,613.133,63.21,9.885,"40.157","83.64",181.363,34.604,"188.932",404.899,601.792
"562",2019-10-01,193.018,"201.551",431.848,633.573,62.459,9.286,"35.724","94.255",184.275,37.279,"201.94",423.495,625.22
"563",2019-11-01,192.748,"200.854",430.565,620.685,68.982,8.575,"26.634","85.929",183.365,36.963,"198.4",418.729,608.849
"564",2019-12-01,201.384,"214.068",454.288,650.482,73.284,9.429,"22.573","90.909",191.377,38.836,"207.403",437.616,633.81
"565",2020-01-01,180.191,"212.834",432.686,648.215,83.587,9.294,"26.699","95.95",173.041,39.66,"197.871",410.572,626.102
"566",2020-02-01,170.869,"195.914",403.222,632.039,88.262,9.229,"32.001","99.325",162.736,36.438,"186.27",385.445,614.262
"567",2020-03-01,178.895,"193.158",411.076,641.447,81.284,10.378,"38.67","100.039",168.873,39.023,"171.918",379.815,610.186
"568",2020-04-01,166.81,"120.626",323.946,560.486,79.139,9.91,"45.977","101.515",158.427,36.51,"121.36",316.296,552.837
"569",2020-05-01,171.348,"146.255",354.84,618.1,102.279,10.026,"54.131","96.824",163.313,37.236,"155.142",355.691,618.952
"570",2020-06-01,166.18,"174.201",374.66,636.973,95.534,9.552,"54.142","103.085",156.607,34.279,"182.889",373.775,636.088
"571",2020-07-01,169.108,"190.522",395.536,632.799,91.243,9.921,"58.08","78.019",161.961,35.906,"188.408",386.274,623.537
"572",2020-08-01,172.933,"188.514",397.879,618.428,79.443,9.893,"52.636","78.576",164.385,36.432,"185.527",386.344,606.892
"573",2020-09-01,166.779,"185.067",386.097,583.405,63.732,9.6,"44.866","79.111",156.599,34.251,"184.739",375.59,572.898
"574",2020-10-01,170.689,"191.915",398.927,611.837,64.181,9.772,"40.615","98.343",161.918,36.323,"180.746",378.987,591.897
"575",2020-11-01,170.623,"196.187",402.541,629.861,71.286,9.978,"33.019","113.038",161.737,35.73,"186.803",384.27,611.59
"576",2020-12-01,181.143,"199.207",418.294,640.797,73.385,10.165,"29.734","109.22",169.936,37.944,"194.079",401.959,624.463
"577",2021-01-01,180.31,"190.541",409.222,637.522,83.799,9.988,"31.947","102.566",171.767,38.371,"168.745",378.883,607.184
"578",2021-02-01,162.674,"151.904",348.443,553.037,68.706,9.263,"35.471","91.153",153.789,33.864,"154.424",342.078,546.671
"579",2021-03-01,178.836,"194.31",411.001,678.149,72.404,9.63,"51.345","133.768",167.675,37.855,"193.94",399.471,666.618
"580",2021-04-01,171.154,"186.571",393.241,651.301,66.155,9.613,"58.922","123.37",161.931,35.515,"186.132",383.578,641.639
"581",2021-05-01,176.198,"205.831",418.431,689.586,79.53,9.947,"66.399","115.28",167.724,36.403,"206.591",410.718,681.873
"582",2021-06-01,175.256,"201.081",410.574,656.9,80.025,9.577,"65.72","91.003",164.203,34.238,"200.072",398.513,644.839
"583",2021-07-01,181.163,"208.896",425.729,651.325,75.397,10.002,"66.105","74.093",173.282,35.669,"204.12",413.071,638.667
"584",2021-08-01,182.647,"195.29",413.209,648.963,69.36,9.955,"64.073","92.367",171.771,35.272,"199.877",406.92,642.673
"585",2021-09-01,175.256,"185.399",395.132,620.842,58.08,9.802,"58.887","98.941",164.216,34.478,"186.209",384.903,610.613
"586",2021-10-01,172.508,"214.436",422.318,650.243,58.458,9.893,"49.657","109.918",164.005,35.374,"214.011",413.39,641.315
"587",2021-11-01,172.787,"215.768",423.789,663.731,66.102,9.879,"41.979","121.983",160.797,35.234,"207.391",403.423,643.365
"588",2021-12-01,183.047,"224.092",445.133,706.75,80.393,10.458,"34.801","135.965",170.874,37.994,"209.36",418.228,679.845
"589",2022-01-01,194.862,"214.134",445.593,707.979,82.562,10.409,"41.75","127.664",184.983,36.596,"192.653",414.232,676.618
"590",2022-02-01,180.67,"189.673",403.607,661.288,72.746,9.112,"47.38","128.443",168.917,33.263,"177.312",379.492,637.173
"591",2022-03-01,191.738,"212.366",440.872,743.597,83.377,9.782,"62.746","146.82",179.138,36.768,"206.878",422.784,725.509
"592",2022-04-01,183.357,"198.5",415.946,722.551,68.465,9.594,"71.024","157.522",174.035,34.089,"195.256",403.379,709.984
"593",2022-05-01,192.218,"213.805",440.614,753.369,79.7,9.921,"79.408","143.726",180.34,34.591,"207.636",422.567,735.322
"594",2022-06-01,192.478,"213.841",439.639,735.657,88.67,9.574,"82.558","115.215",178.159,33.32,"212.799",424.279,720.296
"595",2022-07-01,195.284,"217.509",446.783,723.656,83.824,9.97,"82.51","100.569",185.693,33.99,"205.64",425.323,702.196
"596",2022-08-01,194.803,"210.729",439.336,682.908,72.106,10.013,"77.114","84.339",184.428,33.804,"213.1",431.332,674.905
"597",2022-09-01,186.673,"192.753",411.653,642.82,58.093,9.755,"70.065","93.254",172.533,32.227,"192.137",396.897,628.064
"598",2022-10-01,184.448,"217.084",435.904,669.622,49.022,9.824,"63.149","111.725",173.166,34.372,"215.696",423.234,656.953
"599",2022-11-01,184.051,"219.441",437.624,695.918,61.068,9.985,"46.67","140.57",174.029,34.132,"208.685",416.846,675.14
"600",2022-12-01,192.98,"210.943",439.099,690.85,69.706,10.45,"39.621","131.975",179.749,35.176,"204.889",419.814,671.565
"601",2023-01-01,182.561,"219.223",436.791,699.219,77.637,10.238,"43.675","130.877",174.762,35.007,"208.08",417.85,680.278
"602",2023-02-01,163.431,"197.886",392.663,662.356,68.107,9.312,"50.934","141.34",155.149,31.346,"189.492",375.987,645.68
"603",2023-03-01,184.671,"220.988",439.248,738.376,72.783,10.313,"67.325","148.708",169.817,33.588,"220.404",423.809,722.937
"604",2023-04-01,164.38,"211.891",407.991,711.502,67.625,9.844,"80.195","145.848",156.43,31.721,"206.811",394.961,698.472
"605",2023-05-01,176.989,"227.681",438.492,743.971,94.346,9.983,"91.191","109.959",166.054,33.822,"233.877",433.753,739.232
"606",2023-06-01,170.342,"229.485",431.448,701.163,73.604,9.632,"92.488","93.99",158.558,31.622,"230.948",421.128,690.843
"607",2023-07-01,176.185,"232.089",440.978,718.784,74.988,9.815,"97.451","95.552",166.191,32.704,"223.994",422.889,700.695
"608",2023-08-01,182.25,"229.814",444.676,716.526,72.652,9.716,"92.601","96.881",168.518,32.612,"234.683",435.813,707.663
"609",2023-09-01,173.868,"225.733",430.249,675.796,57.716,9.705,"81.384","96.742",160.546,30.648,"221.911",413.106,658.652
"610",2023-10-01,171.488,"231.785",436.25,697,53.475,10.238,"74.138","122.9",160.064,32.977,"233.926",426.967,687.717
"611",2023-11-01,173.113,"229.86",435.762,685.076,58.092,10.131,"56.74","124.352",163.519,32.789,"219.473",415.781,665.096
"612",2023-12-01,185.062,"248.078",468.477,723.896,64.922,10.418,"50.292","129.787",169.436,35.337,"235.15",439.923,695.342
"613",2024-01-01,173.893,"226.382",434.799,689.644,73.542,10.152,"52.445","118.706",165.834,34.524,"211.949",412.307,667.152
"614",2024-02-01,167.015,"227.367",426.28,711.645,70.954,9.476,"65.106","139.829",155.338,31.898,"223.418",410.653,696.018
"615",2024-03-01,175.005,"240.999",449.238,777.166,79.713,10.017,"84.311","153.888",162.064,33.233,"232.197",427.495,755.423
"616",2024-04-01,167.218,"222.64",421.256,761.186,71.365,9.571,"98.328","160.666",156.082,31.398,"221.534",409.014,748.944
"617",2024-05-01,170.597,"232.184",436.085,775.13,83.516,9.631,"111.958","133.94",158.948,33.303,"242.164",434.415,773.461
"618",2024-06-01,169.622,"238.329",438.369,775.144,76.417,9.306,"119.139","131.913",158.173,30.419,"234.788",423.38,760.155
"619",2024-07-01,173.997,"251.746",457.471,756.708,72.962,9.533,"120.168","96.575",162.494,31.728,"252.42",446.642,745.879
"620",2024-08-01,176.984,"249.715",458.855,756.385,69.914,9.566,"118.115","99.936",164.141,32.156,"241.787",438.084,735.615
"621",2024-09-01,169.622,"235.629",435.823,700.397,54.289,9.304,"101.424","99.557",158.082,30.573,"230.532",419.187,683.761
"622",2024-10-01,165.31,"244.894",442.432,735.345,52.382,9.681,"95.764","135.086",153.489,32.228,"243.241",428.958,721.871
"623",2024-11-01,169.618,"250.509",452.505,725.928,57.06,9.7,"69.728","136.934",158.106,32.378,"235.47",425.954,699.376
"624",2024-12-01,178.446,"254.8",466.293,741.701,66.647,10.132,"63.761","134.867",167.125,33.047,"236.014",436.186,711.594
"625",2025-01-01,176.556,"234.912",444.383,750.981,73.116,10.133,"74.546","148.803",164.262,32.914,"210.481",407.658,714.256
"626",2025-02-01,159.45,"214",403.385,693.266,66.674,9.142,"79.78","134.285",147.519,29.936,"200.515",377.97,667.851
"627",2025-03-01,175.592,"233.74",442.05,812.838,76.613,10.128,"111.376","172.67",162.767,32.718,"215.833",411.318,782.105
"628",2025-04-01,161.489,"220.259",412.69,783.482,77.93,9.676,"126.614","156.572",150.092,30.942,"213.366",394.401,765.192
"629",2025-05-01,169.743,"235.449",435.814,793.521,83.111,9.669,"139.089","125.838",157.938,30.622,"213.82",402.38,760.087
"630",2025-06-01,169.184,"236.866",435.904,789.933,75.615,9.578,"146.728","122.109",157.958,29.854,"211.051",398.864,752.893
"631",2025-07-01,179.234,"244.771",454.48,794.256,68.186,9.778,"153.256","108.556",165.445,30.475,"221.779",417.699,757.474
"632",2025-08-01,176.777,"239.462",446.279,763.036,68.181,9.995,"145.443","93.137",164.548,30.039,"219.977",414.564,731.321
"633",2025-09-01,171.429,"234.938",435.735,715.006,52.277,9.599,"129.78","87.615",159.455,29.368,"209.65",398.473,677.744
